<annotation><folder>13--Interview</folder><filename>13_Interview_Interview_Sequences_13_448.jpg</filename><path>./WIDER_train/images/13--Interview/13_Interview_Interview_Sequences_13_448.jpg</path><source><database>Unknown</database></source><size><width>1024</width><height>661</height><depth>3</depth></size><segmented>0</segmented><object><name>face</name><pose>Unspecified</pose><truncated>0</truncated><difficult>0</difficult><bndbox><xmin>282</xmin><ymin>110</ymin><xmax>408</xmax><ymax>268</ymax></bndbox></object><object><name>face</name><pose>Unspecified</pose><truncated>0</truncated><difficult>0</difficult><bndbox><xmin>702</xmin><ymin>106</ymin><xmax>864</xmax><ymax>320</ymax></bndbox></object></annotation>