<annotation><folder>13--Interview</folder><filename>13_Interview_Interview_On_Location_13_839.jpg</filename><path>./WIDER_train/images/13--Interview/13_Interview_Interview_On_Location_13_839.jpg</path><source><database>Unknown</database></source><size><width>1024</width><height>1024</height><depth>3</depth></size><segmented>0</segmented><object><name>face</name><pose>Unspecified</pose><truncated>0</truncated><difficult>0</difficult><bndbox><xmin>179</xmin><ymin>458</ymin><xmax>220</xmax><ymax>526</ymax></bndbox></object><object><name>face</name><pose>Unspecified</pose><truncated>0</truncated><difficult>0</difficult><bndbox><xmin>569</xmin><ymin>449</ymin><xmax>620</xmax><ymax>521</ymax></bndbox></object></annotation>