<annotation><folder>13--Interview</folder><filename>13_Interview_Interview_Sequences_13_925.jpg</filename><path>./WIDER_train/images/13--Interview/13_Interview_Interview_Sequences_13_925.jpg</path><source><database>Unknown</database></source><size><width>1024</width><height>680</height><depth>3</depth></size><segmented>0</segmented><object><name>face</name><pose>Unspecified</pose><truncated>0</truncated><difficult>0</difficult><bndbox><xmin>256</xmin><ymin>192</ymin><xmax>390</xmax><ymax>380</ymax></bndbox></object><object><name>face</name><pose>Unspecified</pose><truncated>0</truncated><difficult>0</difficult><bndbox><xmin>466</xmin><ymin>230</ymin><xmax>630</xmax><ymax>454</ymax></bndbox></object></annotation>