<annotation><folder>16--Award_Ceremony</folder><filename>16_Award_Ceremony_Awards_Ceremony_16_673.jpg</filename><path>./WIDER_train/images/16--Award_Ceremony/16_Award_Ceremony_Awards_Ceremony_16_673.jpg</path><source><database>Unknown</database></source><size><width>1024</width><height>1536</height><depth>3</depth></size><segmented>0</segmented><object><name>face</name><pose>Unspecified</pose><truncated>0</truncated><difficult>0</difficult><bndbox><xmin>330</xmin><ymin>120</ymin><xmax>750</xmax><ymax>658</ymax></bndbox></object></annotation>