<annotation><folder>16--Award_Ceremony</folder><filename>16_Award_Ceremony_Awards_Ceremony_16_115.jpg</filename><path>./WIDER_train/images/16--Award_Ceremony/16_Award_Ceremony_Awards_Ceremony_16_115.jpg</path><source><database>Unknown</database></source><size><width>1024</width><height>616</height><depth>3</depth></size><segmented>0</segmented><object><name>face</name><pose>Unspecified</pose><truncated>0</truncated><difficult>0</difficult><bndbox><xmin>0</xmin><ymin>334</ymin><xmax>39</xmax><ymax>388</ymax></bndbox></object><object><name>face</name><pose>Unspecified</pose><truncated>0</truncated><difficult>0</difficult><bndbox><xmin>40</xmin><ymin>326</ymin><xmax>75</xmax><ymax>367</ymax></bndbox></object><object><name>face</name><pose>Unspecified</pose><truncated>0</truncated><difficult>0</difficult><bndbox><xmin>11</xmin><ymin>299</ymin><xmax>51</xmax><ymax>342</ymax></bndbox></object><object><name>face</name><pose>Unspecified</pose><truncated>0</truncated><difficult>0</difficult><bndbox><xmin>48</xmin><ymin>243</ymin><xmax>86</xmax><ymax>288</ymax></bndbox></object><object><name>face</name><pose>Unspecified</pose><truncated>0</truncated><difficult>0</difficult><bndbox><xmin>135</xmin><ymin>93</ymin><xmax>161</xmax><ymax>129</ymax></bndbox></object><object><name>face</name><pose>Unspecified</pose><truncated>0</truncated><difficult>0</difficult><bndbox><xmin>110</xmin><ymin>127</ymin><xmax>133</xmax><ymax>157</ymax></bndbox></object><object><name>face</name><pose>Unspecified</pose><truncated>0</truncated><difficult>0</difficult><bndbox><xmin>196</xmin><ymin>48</ymin><xmax>224</xmax><ymax>83</ymax></bndbox></object><object><name>face</name><pose>Unspecified</pose><truncated>0</truncated><difficult>0</difficult><bndbox><xmin>280</xmin><ymin>62</ymin><xmax>310</xmax><ymax>95</ymax></bndbox></object><object><name>face</name><pose>Unspecified</pose><truncated>0</truncated><difficult>0</difficult><bndbox><xmin>232</xmin><ymin>161</ymin><xmax>344</xmax><ymax>289</ymax></bndbox></object><object><name>face</name><pose>Unspecified</pose><truncated>0</truncated><difficult>0</difficult><bndbox><xmin>359</xmin><ymin>108</ymin><xmax>468</xmax><ymax>229</ymax></bndbox></object><object><name>face</name><pose>Unspecified</pose><truncated>0</truncated><difficult>0</difficult><bndbox><xmin>433</xmin><ymin>166</ymin><xmax>528</xmax><ymax>297</ymax></bndbox></object><object><name>face</name><pose>Unspecified</pose><truncated>0</truncated><difficult>0</difficult><bndbox><xmin>667</xmin><ymin>212</ymin><xmax>692</xmax><ymax>244</ymax></bndbox></object><object><name>face</name><pose>Unspecified</pose><truncated>0</truncated><difficult>0</difficult><bndbox><xmin>732</xmin><ymin>310</ymin><xmax>769</xmax><ymax>362</ymax></bndbox></object><object><name>face</name><pose>Unspecified</pose><truncated>0</truncated><difficult>0</difficult><bndbox><xmin>676</xmin><ymin>284</ymin><xmax>709</xmax><ymax>328</ymax></bndbox></object><object><name>face</name><pose>Unspecified</pose><truncated>0</truncated><difficult>0</difficult><bndbox><xmin>779</xmin><ymin>272</ymin><xmax>807</xmax><ymax>308</ymax></bndbox></object><object><name>face</name><pose>Unspecified</pose><truncated>0</truncated><difficult>0</difficult><bndbox><xmin>759</xmin><ymin>244</ymin><xmax>787</xmax><ymax>281</ymax></bndbox></object><object><name>face</name><pose>Unspecified</pose><truncated>0</truncated><difficult>0</difficult><bndbox><xmin>691</xmin><ymin>239</ymin><xmax>714</xmax><ymax>269</ymax></bndbox></object><object><name>face</name><pose>Unspecified</pose><truncated>0</truncated><difficult>0</difficult><bndbox><xmin>718</xmin><ymin>191</ymin><xmax>745</xmax><ymax>225</ymax></bndbox></object><object><name>face</name><pose>Unspecified</pose><truncated>0</truncated><difficult>0</difficult><bndbox><xmin>792</xmin><ymin>235</ymin><xmax>821</xmax><ymax>268</ymax></bndbox></object><object><name>face</name><pose>Unspecified</pose><truncated>0</truncated><difficult>0</difficult><bndbox><xmin>794</xmin><ymin>213</ymin><xmax>815</xmax><ymax>241</ymax></bndbox></object><object><name>face</name><pose>Unspecified</pose><truncated>0</truncated><difficult>0</difficult><bndbox><xmin>829</xmin><ymin>193</ymin><xmax>854</xmax><ymax>222</ymax></bndbox></object><object><name>face</name><pose>Unspecified</pose><truncated>0</truncated><difficult>0</difficult><bndbox><xmin>867</xmin><ymin>210</ymin><xmax>892</xmax><ymax>240</ymax></bndbox></object><object><name>face</name><pose>Unspecified</pose><truncated>0</truncated><difficult>0</difficult><bndbox><xmin>824</xmin><ymin>271</ymin><xmax>862</xmax><ymax>319</ymax></bndbox></object><object><name>face</name><pose>Unspecified</pose><truncated>0</truncated><difficult>0</difficult><bndbox><xmin>862</xmin><ymin>258</ymin><xmax>890</xmax><ymax>301</ymax></bndbox></object><object><name>face</name><pose>Unspecified</pose><truncated>0</truncated><difficult>0</difficult><bndbox><xmin>839</xmin><ymin>255</ymin><xmax>865</xmax><ymax>295</ymax></bndbox></object><object><name>face</name><pose>Unspecified</pose><truncated>0</truncated><difficult>0</difficult><bndbox><xmin>909</xmin><ymin>236</ymin><xmax>939</xmax><ymax>274</ymax></bndbox></object><object><name>face</name><pose>Unspecified</pose><truncated>0</truncated><difficult>0</difficult><bndbox><xmin>947</xmin><ymin>263</ymin><xmax>973</xmax><ymax>296</ymax></bndbox></object><object><name>face</name><pose>Unspecified</pose><truncated>0</truncated><difficult>0</difficult><bndbox><xmin>965</xmin><ymin>303</ymin><xmax>998</xmax><ymax>342</ymax></bndbox></object><object><name>face</name><pose>Unspecified</pose><truncated>0</truncated><difficult>0</difficult><bndbox><xmin>997</xmin><ymin>228</ymin><xmax>1018</xmax><ymax>259</ymax></bndbox></object><object><name>face</name><pose>Unspecified</pose><truncated>0</truncated><difficult>0</difficult><bndbox><xmin>993</xmin><ymin>196</ymin><xmax>1014</xmax><ymax>223</ymax></bndbox></object><object><name>face</name><pose>Unspecified</pose><truncated>0</truncated><difficult>0</difficult><bndbox><xmin>929</xmin><ymin>204</ymin><xmax>953</xmax><ymax>234</ymax></bndbox></object><object><name>face</name><pose>Unspecified</pose><truncated>0</truncated><difficult>0</difficult><bndbox><xmin>970</xmin><ymin>231</ymin><xmax>994</xmax><ymax>265</ymax></bndbox></object><object><name>face</name><pose>Unspecified</pose><truncated>0</truncated><difficult>0</difficult><bndbox><xmin>908</xmin><ymin>405</ymin><xmax>1002</xmax><ymax>537</ymax></bndbox></object><object><name>face</name><pose>Unspecified</pose><truncated>0</truncated><difficult>0</difficult><bndbox><xmin>872</xmin><ymin>363</ymin><xmax>916</xmax><ymax>420</ymax></bndbox></object><object><name>face</name><pose>Unspecified</pose><truncated>0</truncated><difficult>0</difficult><bndbox><xmin>812</xmin><ymin>348</ymin><xmax>847</xmax><ymax>393</ymax></bndbox></object><object><name>face</name><pose>Unspecified</pose><truncated>0</truncated><difficult>0</difficult><bndbox><xmin>875</xmin><ymin>313</ymin><xmax>908</xmax><ymax>353</ymax></bndbox></object><object><name>face</name><pose>Unspecified</pose><truncated>0</truncated><difficult>0</difficult><bndbox><xmin>918</xmin><ymin>283</ymin><xmax>949</xmax><ymax>324</ymax></bndbox></object><object><name>face</name><pose>Unspecified</pose><truncated>0</truncated><difficult>0</difficult><bndbox><xmin>625</xmin><ymin>274</ymin><xmax>650</xmax><ymax>311</ymax></bndbox></object><object><name>face</name><pose>Unspecified</pose><truncated>0</truncated><difficult>0</difficult><bndbox><xmin>620</xmin><ymin>215</ymin><xmax>647</xmax><ymax>250</ymax></bndbox></object></annotation>