<annotation><folder>19--Couple</folder><filename>19_Couple_Couple_19_62.jpg</filename><path>./WIDER_train/images/19--Couple/19_Couple_Couple_19_62.jpg</path><source><database>Unknown</database></source><size><width>1024</width><height>1539</height><depth>3</depth></size><segmented>0</segmented><object><name>face</name><pose>Unspecified</pose><truncated>0</truncated><difficult>0</difficult><bndbox><xmin>392</xmin><ymin>751</ymin><xmax>444</xmax><ymax>830</ymax></bndbox></object><object><name>face</name><pose>Unspecified</pose><truncated>0</truncated><difficult>0</difficult><bndbox><xmin>626</xmin><ymin>771</ymin><xmax>668</xmax><ymax>842</ymax></bndbox></object></annotation>