<annotation><folder>28--Sports_Fan</folder><filename>28_Sports_Fan_Sports_Fan_28_151.jpg</filename><path>./WIDER_train/images/28--Sports_Fan/28_Sports_Fan_Sports_Fan_28_151.jpg</path><source><database>Unknown</database></source><size><width>1024</width><height>708</height><depth>3</depth></size><segmented>0</segmented><object><name>face</name><pose>Unspecified</pose><truncated>0</truncated><difficult>0</difficult><bndbox><xmin>624</xmin><ymin>146</ymin><xmax>778</xmax><ymax>366</ymax></bndbox></object></annotation>