<annotation><folder>28--Sports_Fan</folder><filename>28_Sports_Fan_Sports_Fan_28_179.jpg</filename><path>./WIDER_train/images/28--Sports_Fan/28_Sports_Fan_Sports_Fan_28_179.jpg</path><source><database>Unknown</database></source><size><width>1024</width><height>683</height><depth>3</depth></size><segmented>0</segmented><object><name>face</name><pose>Unspecified</pose><truncated>0</truncated><difficult>0</difficult><bndbox><xmin>751</xmin><ymin>243</ymin><xmax>763</xmax><ymax>262</ymax></bndbox></object><object><name>face</name><pose>Unspecified</pose><truncated>0</truncated><difficult>0</difficult><bndbox><xmin>815</xmin><ymin>259</ymin><xmax>831</xmax><ymax>283</ymax></bndbox></object><object><name>face</name><pose>Unspecified</pose><truncated>0</truncated><difficult>0</difficult><bndbox><xmin>831</xmin><ymin>287</ymin><xmax>844</xmax><ymax>310</ymax></bndbox></object><object><name>face</name><pose>Unspecified</pose><truncated>0</truncated><difficult>0</difficult><bndbox><xmin>238</xmin><ymin>111</ymin><xmax>259</xmax><ymax>130</ymax></bndbox></object><object><name>face</name><pose>Unspecified</pose><truncated>0</truncated><difficult>0</difficult><bndbox><xmin>333</xmin><ymin>89</ymin><xmax>351</xmax><ymax>111</ymax></bndbox></object><object><name>face</name><pose>Unspecified</pose><truncated>0</truncated><difficult>0</difficult><bndbox><xmin>414</xmin><ymin>236</ymin><xmax>432</xmax><ymax>254</ymax></bndbox></object><object><name>face</name><pose>Unspecified</pose><truncated>0</truncated><difficult>0</difficult><bndbox><xmin>409</xmin><ymin>68</ymin><xmax>426</xmax><ymax>87</ymax></bndbox></object><object><name>face</name><pose>Unspecified</pose><truncated>0</truncated><difficult>0</difficult><bndbox><xmin>565</xmin><ymin>90</ymin><xmax>581</xmax><ymax>110</ymax></bndbox></object><object><name>face</name><pose>Unspecified</pose><truncated>0</truncated><difficult>0</difficult><bndbox><xmin>485</xmin><ymin>64</ymin><xmax>502</xmax><ymax>81</ymax></bndbox></object><object><name>face</name><pose>Unspecified</pose><truncated>0</truncated><difficult>0</difficult><bndbox><xmin>492</xmin><ymin>28</ymin><xmax>507</xmax><ymax>47</ymax></bndbox></object><object><name>face</name><pose>Unspecified</pose><truncated>0</truncated><difficult>0</difficult><bndbox><xmin>542</xmin><ymin>3</ymin><xmax>557</xmax><ymax>20</ymax></bndbox></object><object><name>face</name><pose>Unspecified</pose><truncated>0</truncated><difficult>0</difficult><bndbox><xmin>558</xmin><ymin>40</ymin><xmax>568</xmax><ymax>53</ymax></bndbox></object><object><name>face</name><pose>Unspecified</pose><truncated>0</truncated><difficult>0</difficult><bndbox><xmin>592</xmin><ymin>1</ymin><xmax>605</xmax><ymax>13</ymax></bndbox></object><object><name>face</name><pose>Unspecified</pose><truncated>0</truncated><difficult>0</difficult><bndbox><xmin>717</xmin><ymin>64</ymin><xmax>735</xmax><ymax>84</ymax></bndbox></object><object><name>face</name><pose>Unspecified</pose><truncated>0</truncated><difficult>0</difficult><bndbox><xmin>878</xmin><ymin>63</ymin><xmax>891</xmax><ymax>77</ymax></bndbox></object><object><name>face</name><pose>Unspecified</pose><truncated>0</truncated><difficult>0</difficult><bndbox><xmin>810</xmin><ymin>15</ymin><xmax>822</xmax><ymax>34</ymax></bndbox></object><object><name>face</name><pose>Unspecified</pose><truncated>0</truncated><difficult>0</difficult><bndbox><xmin>885</xmin><ymin>15</ymin><xmax>897</xmax><ymax>22</ymax></bndbox></object><object><name>face</name><pose>Unspecified</pose><truncated>0</truncated><difficult>0</difficult><bndbox><xmin>5</xmin><ymin>50</ymin><xmax>24</xmax><ymax>66</ymax></bndbox></object><object><name>face</name><pose>Unspecified</pose><truncated>0</truncated><difficult>0</difficult><bndbox><xmin>172</xmin><ymin>325</ymin><xmax>192</xmax><ymax>340</ymax></bndbox></object><object><name>face</name><pose>Unspecified</pose><truncated>0</truncated><difficult>0</difficult><bndbox><xmin>240</xmin><ymin>3</ymin><xmax>255</xmax><ymax>16</ymax></bndbox></object><object><name>face</name><pose>Unspecified</pose><truncated>0</truncated><difficult>0</difficult><bndbox><xmin>155</xmin><ymin>9</ymin><xmax>173</xmax><ymax>25</ymax></bndbox></object></annotation>