<annotation><folder>28--Sports_Fan</folder><filename>28_Sports_Fan_Sports_Fan_28_227.jpg</filename><path>./WIDER_train/images/28--Sports_Fan/28_Sports_Fan_Sports_Fan_28_227.jpg</path><source><database>Unknown</database></source><size><width>1024</width><height>768</height><depth>3</depth></size><segmented>0</segmented><object><name>face</name><pose>Unspecified</pose><truncated>0</truncated><difficult>0</difficult><bndbox><xmin>360</xmin><ymin>154</ymin><xmax>640</xmax><ymax>520</ymax></bndbox></object><object><name>face</name><pose>Unspecified</pose><truncated>0</truncated><difficult>0</difficult><bndbox><xmin>744</xmin><ymin>8</ymin><xmax>978</xmax><ymax>202</ymax></bndbox></object></annotation>