<annotation><folder>31--Waiter_Waitress</folder><filename>31_Waiter_Waitress_Waiter_Waitress_31_158.jpg</filename><path>./WIDER_train/images/31--Waiter_Waitress/31_Waiter_Waitress_Waiter_Waitress_31_158.jpg</path><source><database>Unknown</database></source><size><width>1024</width><height>690</height><depth>3</depth></size><segmented>0</segmented><object><name>face</name><pose>Unspecified</pose><truncated>0</truncated><difficult>0</difficult><bndbox><xmin>290</xmin><ymin>236</ymin><xmax>337</xmax><ymax>276</ymax></bndbox></object></annotation>