<annotation><folder>32--Worker_Laborer</folder><filename>32_Worker_Laborer_Worker_Laborer_32_919.jpg</filename><path>./WIDER_train/images/32--Worker_Laborer/32_Worker_Laborer_Worker_Laborer_32_919.jpg</path><source><database>Unknown</database></source><size><width>1024</width><height>680</height><depth>3</depth></size><segmented>0</segmented><object><name>face</name><pose>Unspecified</pose><truncated>0</truncated><difficult>0</difficult><bndbox><xmin>786</xmin><ymin>176</ymin><xmax>856</xmax><ymax>272</ymax></bndbox></object><object><name>face</name><pose>Unspecified</pose><truncated>0</truncated><difficult>0</difficult><bndbox><xmin>416</xmin><ymin>40</ymin><xmax>500</xmax><ymax>160</ymax></bndbox></object></annotation>