<annotation><folder>32--Worker_Laborer</folder><filename>32_Worker_Laborer_Worker_Laborer_32_138.jpg</filename><path>./WIDER_train/images/32--Worker_Laborer/32_Worker_Laborer_Worker_Laborer_32_138.jpg</path><source><database>Unknown</database></source><size><width>1024</width><height>768</height><depth>3</depth></size><segmented>0</segmented><object><name>face</name><pose>Unspecified</pose><truncated>0</truncated><difficult>0</difficult><bndbox><xmin>268</xmin><ymin>416</ymin><xmax>322</xmax><ymax>468</ymax></bndbox></object></annotation>