<annotation><folder>32--Worker_Laborer</folder><filename>32_Worker_Laborer_Worker_Laborer_32_886.jpg</filename><path>./WIDER_train/images/32--Worker_Laborer/32_Worker_Laborer_Worker_Laborer_32_886.jpg</path><source><database>Unknown</database></source><size><width>1024</width><height>1666</height><depth>3</depth></size><segmented>0</segmented><object><name>face</name><pose>Unspecified</pose><truncated>0</truncated><difficult>0</difficult><bndbox><xmin>722</xmin><ymin>231</ymin><xmax>829</xmax><ymax>384</ymax></bndbox></object><object><name>face</name><pose>Unspecified</pose><truncated>0</truncated><difficult>0</difficult><bndbox><xmin>634</xmin><ymin>1050</ymin><xmax>719</xmax><ymax>1164</ymax></bndbox></object><object><name>face</name><pose>Unspecified</pose><truncated>0</truncated><difficult>0</difficult><bndbox><xmin>809</xmin><ymin>1004</ymin><xmax>913</xmax><ymax>1121</ymax></bndbox></object></annotation>