<annotation><folder>32--Worker_Laborer</folder><filename>32_Worker_Laborer_Worker_Laborer_32_931.jpg</filename><path>./WIDER_train/images/32--Worker_Laborer/32_Worker_Laborer_Worker_Laborer_32_931.jpg</path><source><database>Unknown</database></source><size><width>1024</width><height>678</height><depth>3</depth></size><segmented>0</segmented><object><name>face</name><pose>Unspecified</pose><truncated>0</truncated><difficult>0</difficult><bndbox><xmin>87</xmin><ymin>99</ymin><xmax>117</xmax><ymax>123</ymax></bndbox></object><object><name>face</name><pose>Unspecified</pose><truncated>0</truncated><difficult>0</difficult><bndbox><xmin>612</xmin><ymin>125</ymin><xmax>641</xmax><ymax>153</ymax></bndbox></object><object><name>face</name><pose>Unspecified</pose><truncated>0</truncated><difficult>0</difficult><bndbox><xmin>901</xmin><ymin>343</ymin><xmax>921</xmax><ymax>363</ymax></bndbox></object></annotation>