<annotation><folder>41--Swimming</folder><filename>41_Swimming_Swimming_41_527.jpg</filename><path>./WIDER_train/images/41--Swimming/41_Swimming_Swimming_41_527.jpg</path><source><database>Unknown</database></source><size><width>1024</width><height>1037</height><depth>3</depth></size><segmented>0</segmented><object><name>face</name><pose>Unspecified</pose><truncated>0</truncated><difficult>0</difficult><bndbox><xmin>99</xmin><ymin>561</ymin><xmax>459</xmax><ymax>972</ymax></bndbox></object></annotation>