<annotation><folder>49--Greeting</folder><filename>49_Greeting_peoplegreeting_49_615.jpg</filename><path>./WIDER_train/images/49--Greeting/49_Greeting_peoplegreeting_49_615.jpg</path><source><database>Unknown</database></source><size><width>1024</width><height>1366</height><depth>3</depth></size><segmented>0</segmented><object><name>face</name><pose>Unspecified</pose><truncated>0</truncated><difficult>0</difficult><bndbox><xmin>559</xmin><ymin>367</ymin><xmax>632</xmax><ymax>452</ymax></bndbox></object><object><name>face</name><pose>Unspecified</pose><truncated>0</truncated><difficult>0</difficult><bndbox><xmin>393</xmin><ymin>335</ymin><xmax>428</xmax><ymax>396</ymax></bndbox></object><object><name>face</name><pose>Unspecified</pose><truncated>0</truncated><difficult>0</difficult><bndbox><xmin>309</xmin><ymin>321</ymin><xmax>396</xmax><ymax>461</ymax></bndbox></object><object><name>face</name><pose>Unspecified</pose><truncated>0</truncated><difficult>0</difficult><bndbox><xmin>137</xmin><ymin>369</ymin><xmax>173</xmax><ymax>407</ymax></bndbox></object><object><name>face</name><pose>Unspecified</pose><truncated>0</truncated><difficult>0</difficult><bndbox><xmin>629</xmin><ymin>354</ymin><xmax>681</xmax><ymax>447</ymax></bndbox></object><object><name>face</name><pose>Unspecified</pose><truncated>0</truncated><difficult>0</difficult><bndbox><xmin>786</xmin><ymin>149</ymin><xmax>966</xmax><ymax>507</ymax></bndbox></object><object><name>face</name><pose>Unspecified</pose><truncated>0</truncated><difficult>0</difficult><bndbox><xmin>686</xmin><ymin>419</ymin><xmax>780</xmax><ymax>612</ymax></bndbox></object><object><name>face</name><pose>Unspecified</pose><truncated>0</truncated><difficult>0</difficult><bndbox><xmin>236</xmin><ymin>297</ymin><xmax>375</xmax><ymax>457</ymax></bndbox></object></annotation>