<annotation><folder>49--Greeting</folder><filename>49_Greeting_peoplegreeting_49_44.jpg</filename><path>./WIDER_train/images/49--Greeting/49_Greeting_peoplegreeting_49_44.jpg</path><source><database>Unknown</database></source><size><width>1024</width><height>1279</height><depth>3</depth></size><segmented>0</segmented><object><name>face</name><pose>Unspecified</pose><truncated>0</truncated><difficult>0</difficult><bndbox><xmin>287</xmin><ymin>125</ymin><xmax>357</xmax><ymax>240</ymax></bndbox></object><object><name>face</name><pose>Unspecified</pose><truncated>0</truncated><difficult>0</difficult><bndbox><xmin>657</xmin><ymin>137</ymin><xmax>724</xmax><ymax>259</ymax></bndbox></object></annotation>