<annotation><folder>51--Dresses</folder><filename>51_Dresses_wearingdress_51_375.jpg</filename><path>./WIDER_train/images/51--Dresses/51_Dresses_wearingdress_51_375.jpg</path><source><database>Unknown</database></source><size><width>1024</width><height>978</height><depth>3</depth></size><segmented>0</segmented><object><name>face</name><pose>Unspecified</pose><truncated>0</truncated><difficult>0</difficult><bndbox><xmin>136</xmin><ymin>66</ymin><xmax>206</xmax><ymax>154</ymax></bndbox></object><object><name>face</name><pose>Unspecified</pose><truncated>0</truncated><difficult>0</difficult><bndbox><xmin>502</xmin><ymin>56</ymin><xmax>576</xmax><ymax>168</ymax></bndbox></object><object><name>face</name><pose>Unspecified</pose><truncated>0</truncated><difficult>0</difficult><bndbox><xmin>820</xmin><ymin>60</ymin><xmax>890</xmax><ymax>160</ymax></bndbox></object></annotation>