<annotation><folder>52--Photographers</folder><filename>52_Photographers_photographertakingphoto_52_355.jpg</filename><path>./WIDER_train/images/52--Photographers/52_Photographers_photographertakingphoto_52_355.jpg</path><source><database>Unknown</database></source><size><width>1024</width><height>1366</height><depth>3</depth></size><segmented>0</segmented><object><name>face</name><pose>Unspecified</pose><truncated>0</truncated><difficult>0</difficult><bndbox><xmin>213</xmin><ymin>139</ymin><xmax>520</xmax><ymax>518</ymax></bndbox></object></annotation>