<annotation><folder>52--Photographers</folder><filename>52_Photographers_taketouristphotos_52_90.jpg</filename><path>./WIDER_train/images/52--Photographers/52_Photographers_taketouristphotos_52_90.jpg</path><source><database>Unknown</database></source><size><width>1024</width><height>766</height><depth>3</depth></size><segmented>0</segmented><object><name>face</name><pose>Unspecified</pose><truncated>0</truncated><difficult>0</difficult><bndbox><xmin>450</xmin><ymin>512</ymin><xmax>502</xmax><ymax>558</ymax></bndbox></object></annotation>