<annotation><folder>52--Photographers</folder><filename>52_Photographers_photographertakingphoto_52_584.jpg</filename><path>./WIDER_train/images/52--Photographers/52_Photographers_photographertakingphoto_52_584.jpg</path><source><database>Unknown</database></source><size><width>1024</width><height>683</height><depth>3</depth></size><segmented>0</segmented><object><name>face</name><pose>Unspecified</pose><truncated>0</truncated><difficult>0</difficult><bndbox><xmin>663</xmin><ymin>88</ymin><xmax>720</xmax><ymax>171</ymax></bndbox></object><object><name>face</name><pose>Unspecified</pose><truncated>0</truncated><difficult>0</difficult><bndbox><xmin>293</xmin><ymin>233</ymin><xmax>323</xmax><ymax>277</ymax></bndbox></object></annotation>